alias John John McDonnell <jmcdon10@gmail.com>
alias Tim Timothy Alan King <timothy.alan.king@gmail.com>
alias Doug Doug Markant <dmarkant@gmail.com>
alias Madelaine Madelaine Krehm <madelaine.krehm@gmail.com>
alias Todd Todd Gureckis <todd.gureckis@nyu.edu>
alias Dylan Dylan Simon <dylan@dylex.net>
alias Mohri Mehryar Mohri <mohri@cs.nyu.edu>
alias Seth Seth Madlon-Kay <seth.madlonkay@nyu.edu>
alias Parents Michael McDonnell <mcdonnell56@mac.com>
alias Anja Anja Jamrozik <a.jamrozik@gmail.com>
